UUID,Username
29135e50c229404ba0b2a147abc374fc,Knattekalle
548548d6784a42f6821733fc6bca6a47,Alaawii
602dd4cd28154be288754cb801644f2d,sayviity_fisch
df5e1701809c48be9b0def50b83b009e,GoldenDusk
ac95800a2a6a4995b7aaae962d1db0a3,SauerbratenSeb
9261d05d3296474fbc4f93139bc979f4,Setable
30255557d21d4a80b3f4cfc0e96d2b41,JollyAndrew
e575fb5f6a9642babc9d7ad6e15de323,Wi11iann
92b92a5205224da4a7321c2e25096cd1,Wizard101
781fa5776ab64a60a93c788ce5284a91,Optimus0811
44c97b6d9c1e4848a531537a2a56e876,Surgere
aa3389936f1c441b8ff8f98aeed123c1,VeganTrials
5d17edb85bd74836975d41188f094ee3,qpBaBo
17ed0da73d97422cbdeaeabf47599e9c,DarkAncient
fccd772ada844025a00e556a3ca1aaf1,Freddi004
c82fed083e7e4bcf9db2832cd655dc6d,LAURIN8
54342f2a4ab946da92ac214987eb2ec5,Xaw
796150e165cb4bca8133f460f69d8e58,Gewitterwelle
a5c248a9be5f481b806f4a801526b439,Rulb
973917ad009f4ef3be1863bf772c9e9b,Frilled
394e83a894b342059f1e954072dd62f3,AbsoluteV0id
fcb92cd6787f43a8a55d303cab016eba,Tordentr0nd
669f14f071614de6b7fa8b2c8ecc79b6,iceT98
c2edee7dfdb34c4286c405063e6d186a,xMaguire
61387f777ff844d6aabaa88691d524d9,unitowo
6c6dcfa62e8547b08b0733fd436127ab,DungeonHub
75822cb61a6f4b2880b8bd6aac0982f5,Kuhnertjonas844
2e716d0a39634d63bfd6b1b72fa2776e,Ch1ck3nNeedsRNG
659d57432bbe4e829d132b5d6226e708,Tryrite
c4319a64486d4efb9803abde4cf40ffd,wbest
75be5140d5be46d7bc53cc802686390a,deTeufel
d472f48813c941148c5a3c360e87c40b,byToxical
c0dbee86ea574820992daa0c27a6d3cb,A0TD
4cd37f494c644f9984d531d993ba0f81,FunnyBadUser
d73ef7a2e17442ac939aa8a845646df9,J3nda_
5320626a8c19450b9f6022b9f9c2b553,tbnr_pres
81a9e6d1d4904497bc9d768f31faf651,SpruceSlab
6f5d87efecf24d6893b9895644ec1f4d,DexterLive
958130c5d7124a3dbf86397c14c392a0,SirMax04
38c6637550274a6b8e791860f0d6f60e,MoonlitSky
2c8884997a074ab1b3937172a2be255c,Skioop
debb9e1f6dcb4f5b83c291fd5388bb56,tiltedhoney
ee59437e4d624430a0313cfcc1ce5b0e,Allphae
7b49be5202e94044817c018031dd971d,MagicFindIsAMyth
45f5aa12980e47789118c1fd4797802f,akaa1
f2e04ea093d340028361f0fc768f7d62,zztempest
e9b3b5a85d7c457c9e86c268ae325f02,ohful
ab4d0ccbbbe943f29b1c29c91d15a20c,UltraCharge03
0c0b857f415943248f772164bf76795c,MenacingBanana
a485da9bc7d94cf897ea7bbcc5c5b3d3,hornsakensss
0cd1852de22f4459bc1b91052b409702,ZombieDestroyer
e66d3960d4fd4fb1901f66fd0f1d879f,tazboi
6aee947f828d4738b2674ff0679696d7,jabuszko_
35810b4f6d7443b5961308f7a91ea9e6,Lysting
931e12d3f1ef4fd98997ba28aab0997a,GotKiller_
e95b61b703f743ab942bb57750fe8260,Kyorha
8bbf84e2f1b64f3b8bdd52ba058e0a8f,ePadi
83c5626ede2d4754b86064d558809615,EmeraldMerchant
b0ba3b9c5b7c42db8fb46571d6624386,Feuerphoenix100
d9990242a107405087d006676aa501a7,skyllist
531051ff6d784734bd65a1dde4b59111,Flip_Flop_11
1b8a55ab76e1452ea71488a2d310503c,Jutran
a8120262427c41d8aa5e691e45e4c8d1,LuckWhere
8205401d21bb4ed4a890a3f88d17cc2f,Loratix
374ae20ed3334a9c98a419b5e2065633,justanoob_
e34d2073aa48435e87671fcd3c1f24f2,omersho
9aaae2bf590a42d3b830b2ba33c1edde,JakobMC2009
e6eee83911b0470897424359926496b5,OWUW
c9f1d65d93b84f0b86110b61376dd488,SirDeadly
adf01263b1a940bf9ec1465c17070406,RendelP
86c5e990a0a14def830e2ff19e81445e,OnlySkelett
b2de669c924a4f63a3a0308fc2663b50,LilHush
fddf8d3a54014e798fc8a389d1ff6098,Valli3_0
05e5ad8d4a5443e6962f3070ad83b8cc,Fuudrich_NSA
cad12360ec1942e7801d14be7a5655d9,caca123
62b17c445d774a669cf6a9032005ae23,Bluepointed
c7d04a3d858d4478a02a565e4bf79d62,Momuuu
3cb6cb11185d46f79bace1603e1edbc9,redhead968
e0ea82d34bbc4400a7e31b2d7bb717fc,KingEilon
2eea9c8489df423eb5fc4fd729516eaf,oAbzi
2b48d6c6923649718cb3afba483ca97a,Kase_1303
7543a91cc8e44a66b40f4c827d791e22,oomfiezerex
9d325e36e4cc44fd9aead5f8bf4f6481,L00ppy
28d4c8b6c470473ba49f55ed25c5d6c6,GoldenShulker
bd9b23da7a694230ae5f9c1a983b9966,rockNibbler
634909f6307543869212046a5ecf01bc,NlceOne
27c5e218f83c44a3a8c80bef066f998a,DaavidQT
052def771f3949e8bec13c7c9de32b02,Achatmaennchen
253d8416c5754b41af3b6ee0e3170250,iCop
cbfbb74976f34cf69f97b4c879e4c84c,DhrEric
ae694c560c71487d8b5cc9f7cc80f66e,Liyua
c886048fa6a94b6da600d5841a97d9c4,NinjaCC
74a176e72c96480683f22a66373e78eb,Mirakurun
8d5364b1eae7467db444eee5d9709f5e,AnimeEgirl
eadf1bb43ad749c8aa909bca43919d17,Celeestria
cf626826981d4bc8a328df458d9e4d6c,rensdeking
accbd00626cc4eaab9e24d3155fe0c91,kadryy
eb6653d893944e84892ab28f6c5ba521,Ruxater
3814d52ea637439d857ad543cf313839,LovePainted
2f620aa32887407cb131384e3365fd12,ashmalego
70f2075ba1ff4daa8a3ac5a5b78a5273,SomeLogic
7c2fd1972cf648d492e64c7cb8a65a46,xDonutzz
d85ce88a42324aa3b04ffe3d340f0d05,Dompay
d93f5c2b33ed4354b2a89ea9981327c5,KoebiFraggly
88620d9cfe464d2faaa8220a72ac6e45,cryptilo
0ad31d19e8d44a31b9145a28c93cf363,Topotu
427331d79da64beb8afdd7d78c48a0aa,TrialExpired
049497458f054d8e834f17760a43ffb4,kazula
f6c49f1d6af0404a8b008629accd71ae,Ananasbusch
1fb3717815694d02bca354cd1efaf25f,dtMarc
70aa9337efbd4f178ce4f1d33c11cb42,Mythicized
eafb7ba42f5d47649f04ec0c36417e65,EH_ST
a2d13cfac8d04d2a9389bfb30d6b2358,tiggyluck
2077c474544443d198f7fb7358cfda9e,PieterVB
15992b35e83a4898914d290550bcd9c7,Nargacuga
24844cf392a74f5392fd89631bade079,Acrohh
020ec61e91fc4c3eb471cdb886563f60,thugfade
452d154884a74241b6226c2532e71a3c,hael8
03b18f9c0ac7486499ef1d518f6c859f,PineappleSuite
b528d6874ff148d6af68af41db79969b,koiSB
302f1186edfd4910a9c9720f0690b111,Remittal
1eebc597d8c541b78c5db6d104563aef,RampageRiley
0de140958e4642c5b9e6ee2e4b714f6b,rocket71
76c93d9922f94f889f244aa4140fd410,chunkychoi
9df02d4b1b2046e7a4a2507aa34d797e,andmart
f0bd7d566d0248c298b44f8928f6712f,Huhnchen75
6ed7ccbef79943909577b13915bb1c3c,InsanityM
7416f0a19a9444fd97e126c2e32d3602,JoshBriet
5de6f7ad4f3040d18f17336648ab04e7,gwagaw
7ea07d1f342a4b9fbe64bda78b8d54b0,TheRunicWolf
0058ef021d3f48beba06b06c3f611012,tyyu
550b24bcaa4b42c992cb5008c6101a1b,Polabur
dbac4f4d803949508fc4d09780c9e1f3,GogetaIV
d1b1cd92f7f949e88adffe51dcd32d6c,Strenngth
e9d2ffa1fd0247fc89e0a4878a47dcaa,GodSenturo
1ed667042869471480ff6ebcf22af2ec,Beneking102
6a0a259cd05a4796a941f8616d2a1560,ilymb
7d12e49f8d6c47ceb62e5b41bbaab9ad,Rock_Lee_le_Bg
bc885e71b71d4fa98d7be3cd4e2c235a,chainfps
45ef9e69c015451c8ee5f711eba19f45,demarqus
4a6d6191df264c53ad1377ee3498646d,LastMinute
4db15f5a94ba4a49bd3f9ab5260f3a71,PoopSniffer41
2cc2b559ec5844ba82d1acfe84b49963,plankiii
85d96a78c14947c7a11a6670fc73b2e8,SI3nd3r
0ead71fd8c354fb2831234bcc951a278,MidNightN00B
8c2c7636a6b84b5d925d21c206c3e318,IkeaGurrnos
88ef0bfe7d66478d8f94bf7334d35066,SpeedBoostDog
bc053c41379d46d2ab1afb8b3622b1be,xGaeul
8a9f3fd9d988440da47d673b9eb74201,mooder
ed693456029a4c0394cf0b981e2485bc,notchancy
848d8946a9154655a808653065cdd0bc,Monotoo
b98743bfb92344e29dcc4f1a8b25e8e5,guait
796b6f8dd2d44a179616b2a8d51fee79,Slowers
e9b414fb867743c7ba0301fb6b1f5de9,EllaColm
12aef0ef7730402dac6f2bace2bf4adb,Rsteinauer
3624ad40a05443f78df6cfe836e57b63,Ponther
8a346bb08c9342d18d16ffaf3418c712,NsHeroX
f82992a46ba14053970106f7171d942a,dissx
ebffe62014aa4bbe966a58d4e9645cd1,Nieniepower
87572e8513cc41b5b6b4254dc7141beb,efremfighter
48e473877f21486abf8cdc1e8b86ec22,ancen
9bef6093e81f4f6aa2cdc36b8a3d3a0e,POMMMESPANZER
592d6702885043bca95828eaa64fdc0a,tomtom2211
583b469084d841459bd2b7fd7b33b68f,Denis0534
022cc47a19fe4d82bfd41830cdfcdb84,Asweris
b548a28e5d0041cc9f1cf7a720f227b5,Jogurt321
1a1dab805bd74043a6cb650791262fd8,stabpog
d68b529a7e8646c39e759df7fb4c6b2d,AsingleFish
603f3a22acc5423bab005e56d2c8a144,UwUpanda
ebd81ae7118c45e18e21eba5d11ef776,WELLDONE101
663ef5cc86ec4bacbe975bce9ef2fe75,2abr
4e8a0e57aa944281983b62fc71019deb,Chubby_11
adc9ca6d76034e4a973b9030c6a99190,Q_scal
c626387995564d4895649bcbc4cb8b32,GodHitsYT
6e6e3492709d427f899673718e16d328,Mallysej
be7617baccf744a680607e993f2eb0bb,SlipperyBanana4
871960879e5c4165a1a0f0bdef1b94d8,Rairic
d18fa266a9a145918cb34dd2a0a9334b,Lagoonette
8ee10252aef94870a3df6143939b0b3e,k0nami6055
5ce56b3c31644a29993d077919a2a2ae,blooay
293fa31fef2f40b5ab6e0c5264194938,yeaum
fa6a1c4ae34b470c849b9c0d451a8d77,Barrynon
7300ac72346646a48826659759acf8a1,BlackGowd
da65f28bea2d449ea25769ea97bc25b8,Maxp900
639584b32e94401489239dd7a87ba74f,FlamingSamurai
e843da7c63ef49ada9a4aa55061f68a6,Skepster
c764dba1a9d84cc0af3940c6ac94b208,Dark4ever
f09519d8d9bb4f97b34463633f30de21,DudeImAzn
77b8b40e91534d378666316fd0d24416,12TannerMan
603b6c274c864ade8ff54c71114c68aa,_apoc
a1eee0224d4741bab9b599f8b1e60576,ImaMeatBallEXE
49e0e1284fa24a20b0f8f7cf9f3ab390,iRag
74740ae612664d79a6acf03c7a11c642,Qcy
883b950a77f84f53b051e4ec83c3e414,Gatores
185477382d8d4f479ddad7ec6e19ee61,Djniksutin
c4fb255b6649484786b49608e0828045,dillylul
fe162c0b3d0540a0803e9b44e3ec5724,Zyragoon
fa53737a0026488a8589fef4798e946c,saltyarcher
cecb899ff9564c31ab9db00ad9ac710e,KED_ty
60935327bf524736acebf5b938573bd3,ype_
089f6cf28ea94ed7b5d2beb18eaaeae9,SBEchat
2b589031385b4789aff5d3ef720a4573,KennySth
25d9f9ccdfd9491e8f886a48de671510,N0LY
d599aa7089104e2a92bdfc0a6d07ecfe,xSeker_
1162fac32dc14f56ab2ad2984f4479ba,scrububbles
1afc1bcbe24543cd8838bb2d748645b8,ydi
546a355405f447b4a1def37123cb53cd,_kaytaro
5262b97a029940239407617ebc974622,Stagun
144a6dfa97eb4d82b55cd3b2a2d61f04,foobel
2ced804a992147b1818404b8832ee7c6,Rolli_Knoxxii
04cc643934324c23a072e805aba911fb,ChuhaoGong
a181a41d79ec4d8ea583eb5f043366f5,gvas
91d5737f61ba4cb1afb6717df6ef9081,Madan015
a24c4ad1736f4016ba5fe3e9497f52c5,Darling2x
234454be50a04f6a84ab3b0a1b2cc2ca,Stepin666
60857c39992e41da9bbfae0c01f2b024,SorryIP2W
ba74c3e6d648428fa46261e70eb644de,T_Robert
12006ab1b82e42fb9553f435ec76fd77,nqxv
6d1220a05d4646efb5368313cc76bfc1,Sonipower
5db4677f21214fc7822929547bdac5d1,GoldenRune
5137e8953eee4e849cbfa5b177a5565c,SteveHatson
3219fe3e2b674221b5535d323888530d,IMnotGOATED
b7888b81e933419089d86d7239fcea0b,Not2BeNamed
2f9a6c101d7a48e19f366dbbdbe47326,GravityHasCake
eaa83a5e02b54727b5f4daf0abd20f3c,Degeneriert
56f5a73d30f44f12882769e14357ae13,SturmiiTTV
ec20997adf024d739566fd7e8c57b9da,whymustidie_
e8f0b84efac546daa5af20ab997ac86f,villjo
99135bcfc5c549b9ab4636b45c750337,poprocks
b8d9d9545b22442eaa555050654113b0,CatGirlTrimonu
0aaa07eeb1794051b9e1237456e55308,4_Tplayz
d37b94ef3f874b56a814e176cc93f112,CallMeFerni
cc6308f998c842ecbd0cfbea185c9ab0,Nsryn
56932e71c0154e6d92b3097561f50cf7,Handmart
9b5058d7f1174fe3bcd8735b1a812663,UpWowee
08054f99a91a4ec0a07439c2a91356e1,Erik_Valk
d11361954976483cb502031a7cfcf39e,Urmmmm
b3e7ed8fd4144e02a85c1a86d4012807,0Novaa
c6a747c4e1c242c9aae759f7a5a4b9fb,Kingatu
0aa001e0f7ff4284b807280368bdcb2d,EchoedFang
4969f006624c478ebc29456305e70b61,p0gf
139454d303c3435589ab2dd37ee77fb2,dtlukas
72e4aa120a304a968c0529f02f4fac4a,slickexe
a846d5338a8f4b2c872a4357d05cad85,Mr43
c3948fb73f3b44afb52671d74ea81c0e,Dorqe
ff9c9ddbfd4843f981e0263cc8d5da37,eatplastic
2dbbecff93b3445ab71a2528edbb58b9,150mgCuba
