UUID,Username
29135e50c229404ba0b2a147abc374fc,Knattekalle
602dd4cd28154be288754cb801644f2d,sayviity_fisch
df5e1701809c48be9b0def50b83b009e,GoldenDusk
9261d05d3296474fbc4f93139bc979f4,Setable
30255557d21d4a80b3f4cfc0e96d2b41,JollyAndrew
92b92a5205224da4a7321c2e25096cd1,Wizard101
781fa5776ab64a60a93c788ce5284a91,Optimus0811
44c97b6d9c1e4848a531537a2a56e876,Surgere
aa3389936f1c441b8ff8f98aeed123c1,VeganTrials
5d17edb85bd74836975d41188f094ee3,qpBaBo
c82fed083e7e4bcf9db2832cd655dc6d,LAURIN8
54342f2a4ab946da92ac214987eb2ec5,Xaw
a5c248a9be5f481b806f4a801526b439,Rulb
973917ad009f4ef3be1863bf772c9e9b,Frilled
394e83a894b342059f1e954072dd62f3,AbsoluteV0id
fcb92cd6787f43a8a55d303cab016eba,Tordentr0nd
c2edee7dfdb34c4286c405063e6d186a,xMaguire
61387f777ff844d6aabaa88691d524d9,unitowo
6c6dcfa62e8547b08b0733fd436127ab,DungeonHub
75822cb61a6f4b2880b8bd6aac0982f5,Kuhnertjonas844
659d57432bbe4e829d132b5d6226e708,Tryrite
c4319a64486d4efb9803abde4cf40ffd,wbest
75be5140d5be46d7bc53cc802686390a,deTeufel
d472f48813c941148c5a3c360e87c40b,byToxical
d73ef7a2e17442ac939aa8a845646df9,J3nda_
5320626a8c19450b9f6022b9f9c2b553,tbnr_pres
6f5d87efecf24d6893b9895644ec1f4d,DexterLive
958130c5d7124a3dbf86397c14c392a0,SirMax04
2c8884997a074ab1b3937172a2be255c,Skioop
debb9e1f6dcb4f5b83c291fd5388bb56,tiltedhoney
ee59437e4d624430a0313cfcc1ce5b0e,Allphae
f2e04ea093d340028361f0fc768f7d62,zztempest
a485da9bc7d94cf897ea7bbcc5c5b3d3,hornsakensss
0cd1852de22f4459bc1b91052b409702,ZombieDestroyer
e66d3960d4fd4fb1901f66fd0f1d879f,tazboi
931e12d3f1ef4fd98997ba28aab0997a,GotKiller_
83c5626ede2d4754b86064d558809615,EmeraldMerchant
1b8a55ab76e1452ea71488a2d310503c,Jutran
8205401d21bb4ed4a890a3f88d17cc2f,Loratix
e34d2073aa48435e87671fcd3c1f24f2,omersho
c9f1d65d93b84f0b86110b61376dd488,sirdeadLy
fddf8d3a54014e798fc8a389d1ff6098,Valli3_0
05e5ad8d4a5443e6962f3070ad83b8cc,Fuudrich_NSA
c7d04a3d858d4478a02a565e4bf79d62,Momuuu
2eea9c8489df423eb5fc4fd729516eaf,oAbzi
2b48d6c6923649718cb3afba483ca97a,Kase_1303
9d325e36e4cc44fd9aead5f8bf4f6481,L00ppy
634909f6307543869212046a5ecf01bc,NlceOne
27c5e218f83c44a3a8c80bef066f998a,DaavidQT
253d8416c5754b41af3b6ee0e3170250,iCop
cbfbb74976f34cf69f97b4c879e4c84c,DhrEric
ae694c560c71487d8b5cc9f7cc80f66e,Liyua
74a176e72c96480683f22a66373e78eb,Mirakurun
8d5364b1eae7467db444eee5d9709f5e,AnimeEgirl
eadf1bb43ad749c8aa909bca43919d17,Celeestria
eb6653d893944e84892ab28f6c5ba521,Ruxater
70f2075ba1ff4daa8a3ac5a5b78a5273,SomeLogic
d85ce88a42324aa3b04ffe3d340f0d05,Dompay
88620d9cfe464d2faaa8220a72ac6e45,cryptilo
049497458f054d8e834f17760a43ffb4,kazula
1fb3717815694d02bca354cd1efaf25f,dtMarc
70aa9337efbd4f178ce4f1d33c11cb42,Mythicized
452d154884a74241b6226c2532e71a3c,hael8
1eebc597d8c541b78c5db6d104563aef,RampageRiley
f34b8ca5d85a4e22a5a9c07b3f292dbd,Antxrctica
c764dba1a9d84cc0af3940c6ac94b208,Dark4ever
636b725a7e5c419a93d551660957373d,NoLIfeSebi
1894eb5a54354d25b998483e9e47a718,bthl
703363280de7430e8cba2779e2a05ab5,celxste
6313bb43186e459d8558687e0cf4430f,NobazZ
57dd31db9d244ba78216dc8c0ebdb066,xKowalsky
e9d2ffa1fd0247fc89e0a4878a47dcaa,GodSenturo
7945a2d7391643f5be6d58de2a3662a2,mee07
75ced64c28cb4804bd618df5d7b03e9b,ToyotaSupra_MK4
c9993ad5c6374cf1b96e89835fae0476,DhrRico
2d1662297d9441ceb33dac65cae28b02,catgirlfc
e51175776ad44a6fb1b4ecaf94bf4246,legitcatgirl
1f440819d9f14177970d7ce6d674cfca,matejt
f5d20b3123b345b1a46cc9eb5a413d19,Salorys
310265eef3c8454b88c3ce591f6fb4d7,Raysore
f1e3b25bc96843aa81ae936d737bdfdb,laqezzz
785a29b394b24e66938836dd7ffecc08,22yrs
a2d13cfac8d04d2a9389bfb30d6b2358,tiggyluck
e14b92fde4ad4cfda08a8360ca78d4ac,Yesterday
020ec61e91fc4c3eb471cdb886563f60,fwadee
93f8f57c1dc7485aa749a8493cb63485,CatGirlAlefs
d016e51b39c14384b53f6ab52fcc1f95,Kotokitty
583b469084d841459bd2b7fd7b33b68f,Denis0534
b0ba3b9c5b7c42db8fb46571d6624386,Feuerphoenix100
d57568d243db4ac39519ce0b3729142f,kikias22
a8120262427c41d8aa5e691e45e4c8d1,LuckWhere
05219f7db40743589439fcb871e1c7f9,BOBSTEVE21
bc885e71b71d4fa98d7be3cd4e2c235a,chainfps
bd71e69d253848efbff64720a59b7766,Teddyness
1afc1bcbe24543cd8838bb2d748645b8,ydi
4b25e6c4f2da4e8f9de360e95c59523f,UnicNick
3cb6cb11185d46f79bace1603e1edbc9,redhead968
436dbc87c1b447b88928ff23007adfa2,MaxVerstappnRB19
8a78cff72ce442d18bba06d8e84b81e3,KoniSky
e24e009fd6c742d8a390944e803bbbf1,oSugary
fccd772ada844025a00e556a3ca1aaf1,Freddi004
50149622b3a742b29e7da3ccc6e92b8e,CharlesLeclercSF
14eed4b962ef42e0b56360ca5c86c7c0,Yadi
1cb36e3f0b0742ea8abe396a70d234a4,boofyOOF
a24c4ad1736f4016ba5fe3e9497f52c5,Darlingily
a23f62f3ac0a400db6d3f116ec18790f,LimboEnjoyer
5bfd5729a75145a282abd9393b1bae3c,DodsDiver
71685d4f8d114f91a41e6b8d57684ad9,oozy
1286324ae059451fb6685b1092399a82,Myvk
19967153805b4615aef5944e5364d856,OGSMOKE
52d32f0e5df04e1383198b88ac790770,KROLKUFR
c06889d848b44a0e8930ebdb5cd97753,Velo02
95289c5d789040ea9e2de0365833b2a3,74nl
ae848a734798443f862d6badb7404a1e,aNcIeNtFf
baa6c03ba3104f49ace0c398685b27e8,winnertoad
4086093c973048eab6027d1a8e4c5aa2,Darkkuh
b4e1b9a0b7474c56b599b602f0434afc,Swenxtixx
b71532fd65ce4ceab75a22426c91d585,Ponethana
f21dd548b07349b4adf2c0bf94207ea4,ossikai
f71a212d2d0d4608bbdc9b7e270447fa,j4cy
f045592a579441949600ecda5eb4fea7,Celestia_Unknown
ca01a5a69a224989a53aa65f88fcf89f,neorex03
1242214f0d5d4801bb01621964f674d5,theft4
6b9bff5167434b12a412742459eb5b1d,30dEnjoyer
76c93d9922f94f889f244aa4140fd410,chunkychoi
9df02d4b1b2046e7a4a2507aa34d797e,andmart
6ed7ccbef79943909577b13915bb1c3c,InsanityM
7416f0a19a9444fd97e126c2e32d3602,JoshBriet
0058ef021d3f48beba06b06c3f611012,tyyu
550b24bcaa4b42c992cb5008c6101a1b,Polabur
1ed667042869471480ff6ebcf22af2ec,Beneking102
6a0a259cd05a4796a941f8616d2a1560,ilymb
7d12e49f8d6c47ceb62e5b41bbaab9ad,Rock_Lee_le_Bg
45ef9e69c015451c8ee5f711eba19f45,definitelychim
4a6d6191df264c53ad1377ee3498646d,LastMinute
8c2c7636a6b84b5d925d21c206c3e318,CatgirlGurrnos
bc053c41379d46d2ab1afb8b3622b1be,xGaeul
8a9f3fd9d988440da47d673b9eb74201,mooder
ed693456029a4c0394cf0b981e2485bc,notchancy
848d8946a9154655a808653065cdd0bc,Monotoo
12aef0ef7730402dac6f2bace2bf4adb,Rsteinauer
3624ad40a05443f78df6cfe836e57b63,Ponther
8a346bb08c9342d18d16ffaf3418c712,NsHeroX
f82992a46ba14053970106f7171d942a,dissx
ebffe62014aa4bbe966a58d4e9645cd1,Nieniepower
87572e8513cc41b5b6b4254dc7141beb,efremfighter
1a1dab805bd74043a6cb650791262fd8,stabpog
adc9ca6d76034e4a973b9030c6a99190,Q_scal
6e6e3492709d427f899673718e16d328,Mallysej
871960879e5c4165a1a0f0bdef1b94d8,Rairic
8ee10252aef94870a3df6143939b0b3e,k0nami6055
293fa31fef2f40b5ab6e0c5264194938,yeaum
fa6a1c4ae34b470c849b9c0d451a8d77,Barrynon
603b6c274c864ade8ff54c71114c68aa,_apoc
49e0e1284fa24a20b0f8f7cf9f3ab390,iRag
74740ae612664d79a6acf03c7a11c642,Qcy
185477382d8d4f479ddad7ec6e19ee61,Djniksutin
cecb899ff9564c31ab9db00ad9ac710e,KED_ty
04cc643934324c23a072e805aba911fb,ChuhaoGong
ba74c3e6d648428fa46261e70eb644de,T_Robert
12006ab1b82e42fb9553f435ec76fd77,nqxv
6d1220a05d4646efb5368313cc76bfc1,Sonipower
ec20997adf024d739566fd7e8c57b9da,whymustidie_
b8d9d9545b22442eaa555050654113b0,CatGirlTrimonu
0aaa07eeb1794051b9e1237456e55308,4_Tplayz
cc6308f998c842ecbd0cfbea185c9ab0,Nsryn
c6a747c4e1c242c9aae759f7a5a4b9fb,Kingatu
4969f006624c478ebc29456305e70b61,p0gf
139454d303c3435589ab2dd37ee77fb2,dtlukas
269cd85b27e04244bcbefe5b5d068739,EvadeMonkeyBoy
8715af4a602142b3b91eea08e6171995,shoexz
2f5b4ece7dc34b978da684a90200499e,JacobbDeLuxe
bcd1588f5b0a4e5ebe894899d59d500f,Herman1923
b3f12d0e2565427e989683fbdd01b121,sp0ony
9fc7256331614e27a7464b3e286c6b68,FreeBouncyBob
f66e4f5c21654ee79f56560c28ebe2cb,CallMeGoodBoyPlz
f6622fb7c03a486ebaf0153603cbf6ef,xPro_Bratex
1dd5a020070a40479b617e322e3ee29f,BarnSkinPlug
9cddab9013e64411acbef94baf7a1ef7,Apple_TM
724ebf0a70f448639604ef387319479b,1wildesApfel
6a1709d1e3744e7aaae331213e706225,MrPickle96
d4378e99c57749f381680bd195c0809b,y3sk
569aa45885e94aef89021a2f369c10e1,ebooygaming
11a12df8cac64a6fa4fb62daa52b565d,awardtour
0d9908986d5744e98fab70db4430fa26,_Ky39_
7ea07d1f342a4b9fbe64bda78b8d54b0,TheRunicWolf
14de1acefceb4034a6d7d5b5cd4b098a,_Kanz
ebc48d720f6843b69e00e67af5cbb969,yonene
d1b1cd92f7f949e88adffe51dcd32d6c,Strenngth
06ae7c077d594d4aa45c11332e9b06bc,TheWiseYinYang
269274f1a9df4f76bec394a13e964711,deHocker
2e00ec19ab804c2c88663e22babfbc24,prtls
d69b7de8f2844dc59694403232a295ec,shay_gold
fdce1893fb694db3a7f4adc3891779b4,therealokin
aaedd6453fa0402fbb66b2202e4546db,Spectrical
41e13084a1344d158ae5edbaf14d403c,Mirragee
6afe13bfd60e436381c660aa0c0f4a01,owoOblivious
c6651a95adb74270b3b3321c1441e8e2,sese3000
5845108b2f414443aa61f513e9d65f58,TvrdejJakub
148ef71cd217486d87c348ff25209c8a,YuhRice
8c23521c78c24e7ebdfabe8d357735b2,Easy4K
83174a47f2ab4e31892fc2c5fbc3acbb,wrux
7a89655138ff458a9b73bd420c437a82,Desyyy
ee86d110236040b792bf0c29e7364d6d,Lifetimes
aff38dc3c31d47dfa8410b6278e4b58e,NekoTorra
a181a41d79ec4d8ea583eb5f043366f5,321goldgoldgold
80c8a299244642efbe82700c7fa17622,Nuubs
5b340ed7b39643f38be52641fdbf7ac5,GetOnMyMute
ae5b42e2030d4115b043cc439a96d61f,Paule2014
0957a21f909b44668b99989a6057bd72,lesbiantgirl
28ad757366744fe0a52eda2a5be0c2bf,pgnd
fa53737a0026488a8589fef4798e946c,saltyarcher
d771b8675cca4f63af670d55f6bf7cc3,AntoniaGentry
d5bfeb543ebd490c826ed5fbabcf6e07,Swxsy
15dd9d4202784f57b12431c7bfa1f6cf,Pedsz
8b102ef963754b12bc089061c25e79b6,Destroyer522
6b1ce221fdfa44a2b6cd0bde374c1b51,lasse_xd_
592d6702885043bca95828eaa64fdc0a,tomtom2211
5488245d867143c4b2492e82507bb1e0,Mettalica
6bb679749b3d4d05a1ddbcba79d2688d,stelxia
58c48c2ccf6642dc9998cbb45f8f945c,Hxndrik03
9e6b8d6b29f14a49bdf6c013f59ac0b3,Adwex
91f7ae4552f842ee9fa867c3ef4d3e5d,MagmaRod
5ce56b3c31644a29993d077919a2a2ae,blooay
5468998e4ce54448af87ea42cedea46c,BeatthePhoenix
4699cd445d3d4ca384a681d56a10ef4f,Domiinix
f371eef01b0448f0ae03994de10d37c8,Kloron
89d2d83ea92d485b98c512795e52aa97,Cottonyzz
3fed9e9cef8c4ec5aeb4a85ad3591599,MrDodo9RIDERR
0c221800bbf74a3a8086e53bcf595f99,Nurgl
5de6f7ad4f3040d18f17336648ab04e7,gwagaw
2ca669fabf4246a6bf81ba17758d7153,ThatHairyGuy
2083b132f25b4f279fafd5ac47887c80,JussLong
603f3a22acc5423bab005e56d2c8a144,UwUpanda
87acfcebf13d4b11a6a9068135451afe,Void_em
8d7593dec32e497486579a9160d96640,dzcole
b723cc9c6be9456dbe369c321bfe6d61,acar51
36981616621b48f2ba24b2be3f012bd3,Rict
42ff7beb96ea40f98feb8552e9fe6b3f,ELIE101
bca39bf4ffd14d9fa39ce9c88c6037ad,lf_inq
e53f1495392e43c099a85e6779909d2f,Gurrnos
0e64442a82894fc8a7b6aaa74938501b,BaltrazYT
37bdb131818e498bbac0f155e740cdb4,Neqxuss
3cf9fa12b7f84d4eb4070c171818de70,Nininshou
5c00596399e6475f83d62cea7c10ba8c,ds67
a88b7eb92e684499b9bd90ebb217c8e9,bnraider
